model,train_RMSE,val_RMSE,train_R2,val_R2
XGBoost,5692.476762747079,10003.268668917128,0.9858351541362211,0.9585462746665379
RandomForest,5836.644630884816,10320.370535406151,0.9851085899135565,0.9558764670128855
HistGradientBoosting,7918.439967661949,10840.223573447134,0.9725912911729269,0.951319371384449
GradientBoosting,14855.098362309061,16794.78554188779,0.9035370845350703,0.8831500249361237
Ridge,21030.956535519224,22581.973471025503,0.8066574813437162,0.7887467083498069
